vocab,amount
,4
$200,1
$40,1
1500s,1
18th,2
18thcentury,1
19th,1
1stgrowths,1
20th,1
30room,1
3c,1
3d,2
5”,1
80’s,1
a,1418
abandon,1
abandoned,1
abandoning,1
abilities,1
ability,10
ability”,1
able,4
aboard,3
aboriginal,2
about,91
above,4
abroad,5
absence,1
absent,1
absolute,1
absorb,2
absorbing,1
abstaining,1
abstract,1
abundant,1
academic,2
accelerator,1
accent,1
accept,6
acceptable,2
acceptance,1
accepted,2
accepted”,1
access,2
accessories,2
accident,13
accidental,1
accidentally,2
accidents,2
accompany,1
accomplish,1
according,4
account,1
accountant,1
accounting,3
account”,1
accuracy,2
accurate,1
accused,3
ache,1
aches,1
achieve,4
achievement,6
achievements,1
achilles’,1
acquaintance,2
acquire,1
acres,1
acrobatics,1
across,3
act,3
acting,3
action,3
actions,2
activated,1
active,1
activities,4
activity,3
actors,2
actress,1
acts,1
actual,1
actually,3
adapt,1
addict,1
addicted,4
addiction,1
addicts,2
adding,1
addition,7
additional,1
address,2
addresses,1
adds,1
adept,1
adjust,1
adjusting,1
admirable,1
admiration,1
admire,2
admired,2
admission,1
admit,4
admits,1
admitted,2
adopted,1
adorable,1
adult,1
adults,4
adults’,1
advance,6
advanced,2
advantage,1
advantages,2
adventure,1
advertise,2
advertisement,1
advertising,4
advice,3
advices,1
advised,1
adviser,1
advocating,1
affair,1
affairs,2
affected,1
affection,2
affects,1
afford,8
affordable,2
afraid,7
after,126
afternoon,12
afterward,2
afterwards,9
afterwards”,1
again,29
against,9
age,9
agencies,1
agency,7
agent,1
agents,1
ages,1
aggressive,1
aging,1
ago,14
agree,2
agreed,4
agriculture,6
ahead,2
aid,1
aids,3
aids’s,1
aimed,1
air,7
airconditioner,1
aircraft,3
airline,1
airmail,1
airplane,4
airport,6
aisle,1
alarmed,1
album,6
alcohol,4
alcohol:,1
alcoholic,1
alcoholic”,1
alert,2
alex,4
alice,3
alice’s,1
alike,1
alist,1
alive,4
all,112
all;,1
allen,1
alley,1
allow,1
allowance,1
allowed,1
allround,1
almost,12
alone,15
along,13
aloud,1
alphabet,1
already,5
also,57
although,21
altogether,1
aluminum,1
always,49
am,46
amateurs,1
amazed,4
amazement,1
amazing,3
ambassador,2
ambition,2
ambitious,1
ambulance,1
america,4
american,6
among,5
amount,11
amounts,1
amuse,1
amusement,3
an,181
analyses,2
analyze,1
analyzed,1
ancestors,1
ancestors’,1
ancestors”,1
ancient,4
and,1083
andy,5
anesthetic,1
angel,2
anger,4
angle,1
angrily,1
angry,7
animal,8
animals,8
animation,1
ankle,3
ankles,1
annie’s,1
anniversary,1
announced,2
announcement,2
annoyed,2
annoying,5
annual,5
another,28
answer,3
answered,6
answering,1
ant,1
antique,1
antiques,2
ants,2
anxiety,1
anxious,3
any,27
anybody,1
anyhow,2
anyhow”,1
anymore,16
anyone,1
anything,14
anytime,4
anyway,2
anyways,1
anywhere,2
aoc,1
apart,3
apartment,7
ape,1
apologize,2
apologized,1
apology,3
apparent,1
appeal,2
appear,2
appearance,7
appearance”,1
appeared,5
appendicitis,1
appetite,1
applaud,1
applauded,2
applause,1
appliances,1
applicant,1
applicants,1
application,3
applied,2
apply,1
appointments,1
appoints,1
appraisers,1
appreciate,2
appreciated,1
appreciating,1
appreciation,2
apprentice,2
approach,5
approaching,1
appropriate,1
appropriately,1
approval,1
approve,1
approved,2
april,1
apron,2
arabic,1
arch,1
archaeologist,1
archaeology,1
are,146
area,8
areas,3
aren’t,2
argue,1
argued;,1
argues,1
arises,1
aristocratic,1
arithmetic,1
arm,2
armchair,1
armed,1
arms,2
army,7
around,25
aroundtheclock,1
arouse,2
arrange,2
arranged,1
arrest,2
arrested,2
arrival,1
arrive,1
arrived,11
arrogant,1
arrows,1
art,13
article,2
articles,4
artificial,1
artist,9
artistic,1
artists,9
artist’s,1
arts,13
artworks,2
as,152
ashamed,1
ashes,1
asia,1
asian,2
aside,2
ask,11
asked,32
asking,3
asks,2
asleep,4
aspect,1
aspiration,1
aspire,1
assemble,1
assembly,1
assigned,1
assimilation,1
assistance,1
assistant,1
assisting,1
associate,1
association,1
associations,1
assuming,1
assurance,1
assure,1
astonished,1
astonishing,1
astray,1
at,198
ate,6
athlete,3
athletes,2
athletic,1
atmosphere,7
atms,1
attach,1
attack,1
attacked,3
attacking,1
attacks,1
attempt,2
attempting,1
attended,1
attention,9
attitude,11
attract,3
attracted,4
attracting,1
attraction,1
attractive,7
auction,1
audience,8
audiences,3
audition,2
august,1
aunt,2
auntie,1
aunts,2
australia,4
australian,1
author,3
authorities,1
authority,1
authors,1
automatic,1
automobile,1
autumn,1
available,2
avantgarde,1
avatar,2
avenue,1
average,2
avoid,7
avoided,1
avoiding,1
awaits,1
awake,3
awaked,1
awakened,2
awarded,2
aware,2
away,32
awful,2
babies,3
baby,2
bacardi,1
bachelor,1
back,28
backed,1
background,4
backgrounds,1
backgrounds;,1
backpacks,1
backward,1
backyard,7
bacon,1
bacons,1
bacteria,1
bacterial,1
bad,16
badly,3
badminton,1
bag,9
baggage,1
bags,1
baits,1
bake,1
baked,1
bakery,1
balance,2
balcony,1
bald,2
bali,4
ball,3
ballet,1
balloons,1
balls,2
bamboo,1
bananas,2
band,16
bandage,2
bangkok,4
bank,3
bankrupt,2
banks,2
banquet,1
bar,7
barbecue,3
barber,1
barbershop,2
barbie,1
bare,1
barefoot,1
barely,3
bargain,2
barked,1
barn,3
barrel,1
barren,1
barrier,1
barriers,1
bars,1
baseball,4
based,3
basement,2
basic,1
basins,1
basis,3
basket,2
basketball,5
bass,1
bat,1
bath,3
bathe,1
bathroom,4
bathtub,3
batman,1
baton,1
battery,2
battle,1
bays,1
bbq,2
be,143
beach,9
beaches,2
beachside,1
beam,1
beans,1
bear,5
beard,2
bears,7
bears’,1
beasts,2
beat,3
beating,2
beats,1
beautiful,27
beautifully,2
beauty,5
beauty”,1
became,26
because,77
become,30
becomes,9
becoming,2
bed,4
bedroom,4
beds,1
bee,1
beef,1
been,31
beer,8
before,40
beg,1
began,8
beggars,1
begged,1
beginner,1
beginning,9
begins,2
behave,1
behaved,1
behavior,11
behind,10
being,37
beings,2
beings’,1
belief,2
beliefs,1
believe,11
believed,4
bell,2
belly,1
belong,1
belonged,1
beloved,1
below,2
belt,2
bench,2
beneath,1
beneficial,1
benefit,2
benefits,2
bent,1
berlin,1
bermuda,1
berries,1
beside,7
besides,11
best,33
bestknown,1
bet,1
better,21
between,16
beverages,3
beyonce,1
beyond,1
bible,1
bicycle,1
bid,2
big,19
biggest,2
bike,1
bikini,1
bill,3
billboard,1
billion,2
billionaire,1
bingo,2
biography,3
biology,1
bird,2
birds,10
birds’,2
birth,1
birthday,12
birthdays,1
biscuits,1
bit,1
bites,1
biting,1
bitter,1
black,5
blackboard,1
blackout,1
blame,2
blamed,3
blames,1
blaming,1
blank,1
blanket,1
bleaching,1
bled,2
bleeding,2
blend,1
bless,1
blessing,1
blind,2
blocked,1
blocks,1
blog,7
blood,7
bloody,2
bloom,1
blooming,1
blooms,1
blossom,1
blow,3
blue,2
bluecollar,1
blushed,1
board,2
boarding,1
boasting,1
boat,1
boats,2
bodies,5
body,15
bodyguard,1
boil,1
boiled,1
bold,1
bomb,5
bombed,1
bombs,1
bond,1
bonds,2
bone,2
book,16
booked,1
books,9
booms,1
booth,2
boots,2
border,1
bored,1
boring,6
born,5
borrow,2
borrowed,1
borrowing,1
boss,8
both,13
bothered,1
bottle,5
bottles,4
bottom,2
bought,13
bounce,1
bound,2
bouquet,1
bourdon,1
boutique,2
bow,1
bowl,1
bowling,1
box,1
boxes,1
boy,1
boyfriend,5
boyfriends,3
boys;,1
brad,1
brain,2
brains,1
braked,1
branches,3
brand,2
brands,1
brandy,1
brass,1
brave,2
bravery,2
bread,3
break,9
breakfast,4
breakthrough,1
breast,2
breath,2
breathe,1
breathed,1
bred,1
breed,1
breeding,1
breeds,1
breeze,2
brewed,1
bricks,1
bride,2
bridegroom’s,1
bride’s,1
bridge,2
bridges,1
brief,1
briefly,1
bright,4
brilliant,2
brilliantly,1
bring,9
bringing,1
brings,1
broad,2
broadcast,2
broadcasted,1
broke,8
broken,5
brook,2
brother,17
brothers,1
brought,13
brown,6
bruce,7
brunch,1
brush,1
brushed,2
brushes,1
brutal,1
bubbles,1
bucket,2
bucket:,1
buckets,1
bucks,5
budding,1
budget,4
budget;,1
buffet,2
bugs,1
build,3
building,3
buildings,2
built,5
bull,2
bullet,1
bulletin,1
bulletproof,1
bully,1
bull’s,1
bumped,4
bumping,1
bunch,1
bundle,2
burden,4
bureaucratic,1
burger,1
buried,1
burn,1
burned,4
burning,1
burst,7
bury,1
bus,8
buses,3
bush,5
business,23
businessman,2
businessmen,1
busy,9
busyness”,1
but,181
butter,3
butterflies,2
button,1
buy,20
buying,10
buys,1
by,134
bysshe,1
cabbage,1
cabin,2
cable,1
cafeteria,1
café,2
café’,4
cage,1
caged,1
cai,1
cake,3
cakes,1
calculated,1
calculates,1
calculation,1
calculator,1
calendar,1
california,2
call,4
called,6
calls,3
calm,4
calmed,1
calmly,1
calorie,2
came,40
camel,1
camera,1
camp,3
campaign,3
camping,2
campus,3
can,68
cancelled,1
cancer,4
candidates,1
candidate’s,1
candle,2
candles,1
candy,1
canes,1
cannabis,1
canned,1
cannot,14
canyon,1
can’t,5
can’t”,1
cap,1
capable,2
capacity,1
cape,1
capital,1
capitalism,1
captain,1
captured,1
car,28
carbon,1
card,2
cards,4
care,16
cared,2
career,13
carefree,1
careful,3
carefully,4
cares,2
cargo,1
carnivore,1
carol,4
carol’s,1
carpenter,1
carpet,1
carriage,1
carried,2
carrier,1
carrots,1
carry,4
cars,5
cart,1
cartons,1
cartoon,3
carving,1
case,5
cases,1
cash,3
cash;,1
cashmere,1
cassettes,1
cast,1
casted,1
castle,3
casual,1
cat,2
catch,6
catching,2
cattle,2
caught,5
cause,3
caused,7
causes,6
causing,2
cave,1
cd,2
cds,1
cease,1
ceiling,1
celebrate,3
celebration,3
celebrity,1
cell,2
center,5
centers,1
central,3
century,4
cereal,2
ceremony,4
certain,3
certificates,1
chain,1
chairs,1
chalks,1
challenge,4
challenges,1
chamber,1
champion,1
championship,2
chance,9
chances,2
change,10
change;,1
changed,3
change”,2
changing,2
channel,1
channels,1
chaos,1
chapters,1
character,4
characteristic,1
characteristics,2
characters,1
character’s,1
charge,2
charged,1
charging,1
charitable,2
charities,6
charity,1
charm,2
charmed,1
charts,1
chase,3
chat,2
chatting,1
cheap,2
cheat,1
cheated,1
check,3
checked,1
cheek,1
cheeks,1
cheer,2
cheered,1
cheerful,2
cheese,1
chemical,4
chemicals,1
chemistry,1
cherish,1
cherries,1
cherry,1
chess,1
chest,2
chew,1
chi,1
chick,1
chicken,7
chief,3
child,13
childhood,8
childish,1
childish;,1
childlike,1
children,19
children’s,6
child’s,1
chili,1
chilly,2
chimney,3
china,5
chinese,10
chins,1
chip,1
chiu,1
chocked,1
chocolate,3
choice,6
choices,1
choose,8
choosing,1
chopped,1
chopsticks,1
chores,1
chorus,1
chose,5
christine,1
christmas,1
chubby,1
church,2
cigarette,2
cigarettes,2
cigars,1
cinderella,1
cinema,2
circle,2
circulation,2
circumstances,1
circus,4
citizen,2
citizen’s,2
city,25
civilization,1
civilized,1
claim,2
claimed,2
clarify,1
clarkson,1
clashing,1
class,13
classes,5
classic,4
classmate,2
classmates,2
classroom,1
class”,2
clawed,1
clay,1
clean,10
cleaned,1
cleaner,1
cleaners,2
clear,8
clearly,3
clerk,1
clever,1
client,3
clients,4
cliff,1
climate,1
climax,1
climaxed,2
climb,2
climbed,2
climbing,2
clinic,5
clinical,1
clip,1
clock,1
cloister,3
close,3
closed,1
closer,2
closet,2
cloth,1
clothe,1
clothes,17
clothing,1
cloud,3
cloudy,1
clown,6
clown’s,1
club,12
clubs,4
clues,2
clumsy,1
coach,4
coal,1
coarse,1
coast,2
coaster,5
coat,1
coats,1
cockroach,1
cocktail,2
coconuts,1
codes,1
coffee,14
coffee”,1
coincidence,1
coins,1
coke,1
cold,2
colder,1
coldly,1
collapse,1
collar,1
colleague,1
colleagues,3
colleagues’,1
collect,2
collected,1
collecting,1
collection,4
collections,4
college,6
collin,1
colombo,1
colonies,1
color,5
colorful,5
colors,3
columns,1
comb,1
combination,1
combined,1
come,17
comedy,4
comes,6
comfortable,8
comforted,2
comic,1
coming,9
command,1
commander,2
commented,1
comments,3
commerce,1
commercial,1
commit,1
committed,3
committee,4
common,6
common:,1
communicate,1
communicating,1
communication,1
community,6
companies,3
companions,1
company,20
company’s,1
company”,1
compared,2
comparison,1
compensate,1
compensation,1
compete,1
competence,1
competent,1
competition,6
competitions,2
competitive,2
competitors,2
complain,1
complained,5
complaints,2
complete,1
completed,1
completely,1
completion,1
complex,1
complicate,1
complicated,3
composed,1
composedness,1
composer,2
composing,1
compositions,1
comprehensively,1
computer,15
computers,2
computing”,1
comrades,1
concentrated,1
concentration,1
concept,1
concern,1
concerned,1
concerning,2
concert,11
concluded,1
conclusion,2
concrete,1
condition,8
conditioner,1
conditions,1
conducted,1
conductor,1
conference,5
confess,2
confidence,6
confident,2
confidently,2
confine,1
confirmed,1
confiscated,1
conflict,2
confront,1
confused,1
confusion,1
congratulate,1
congratulations”,1
congress,4
congressmen,1
connected,1
connection,1
conquered,1
conscience,1
conscious,1
consequence,1
consequences,1
consequent,1
consequently,2
conservation,1
consider,2
considerable,2
consideration,2
considered,4
considering,1
consistent,1
consisting,1
consists,2
constant,1
constantly,1
constitutes,1
constitution,1
construct,1
construction,3
constructive,1
consult,1
consultant,1
consultants,1
consulting,2
consume,1
consumer,1
consumers,1
contact,3
contain,1
container,1
containers,1
contains,1
contemporary,1
content,1
contentment,1
contents,1
contest,7
contexts,1
continent,1
continual,1
continue,2
continued,2
continuingly,1
continuous,4
contract,10
contradiction,1
contrary,1
contrast,1
contribute,3
contributing,1
contribution,1
contributions,2
control,6
controller,1
controversial,2
convenience,1
convenient,1
conveniently,1
convention,1
conventional,1
conversation,2
conversed,1
convey,1
convince,1
cook,5
cooked,1
cooker,1
cookery,1
cookie,1
cookies,3
cooking,5
cool,5
cooperate,2
cooperation,1
cooperative,1
cope,1
copied,1
copious,1
copy,1
copying,1
cords,1
core,1
corn,2
corner,4
corporation,1
correct,6
corrected,1
corresponds,1
corrupt,2
cosmetics,3
cost,6
costly,2
costumed,1
costumes,2
cottage,4
cotton,2
couch,2
cough,2
could,62
couldn’t,23
council,2
count,1
counter,1
countless,2
countries,7
country,14
countryside,6
county,2
couple,5
courage,3
courageous,1
course,8
courses,2
court,1
cousin,4
cover,5
covered,2
coward,1
cowardice,1
cowboy,2
coworkers,3
cows,2
crab,1
crack,1
cradled,1
craft,1
cram,2
crash,1
crashed,1
crawling,1
crayons,1
craziest,1
crazily,1
crazy,3
cream,4
create,1
created,2
creates,1
creating,2
creation,1
creations,1
creative,3
creativity,3
creatures,2
credit,2
creeping,1
crept,1
crew,3
crickets,2
cried,3
crime,1
crimes,1
crimes”,1
criminal,1
criminals,4
crisis,2
critical,1
criticism,5
criticize,1
criticized,1
critics,2
critize,1
crops,1
cross,2
crowd,2
crowded,1
crowned,1
cruel,2
cruise’s,1
crush,2
cry,2
crying,2
crystal,1
cuban,1
cubs,1
cultural,1
culture,4
cultures,1
cunning,1
cup,8
cupboard,1
cups,1
cure,4
curio,1
curiosity,2
curious,2
current,5
currently,1
currents,1
curse,1
curtain,2
curtains,3
curves,1
cushion,1
custom,1
customer,3
customers,10
customers’,2
customer’s,1
customs,1
cut,2
cute,2
cutting,1
cycle,1
d&g,1
dad,3
daddy,1
dad’s,2
daily,8
dairy,1
dallas,1
dam,1
damage,1
damaged,1
dance,7
dance;,1
danced,2
dancer,1
dancers,2
dancing,1
danger,4
dangerous,4
dared,3
dares,1
dark,3
darkest,1
darkness,1
darling,1
dashed,2
data,1
date,13
dated,1
dates;,1
dating,6
daughter,6
daughters,1
david,2
dawn,1
day,116
day:,1
days,12
daytime,1
day”,4
dead,4
deadline,1
deaf,1
deal,5
dealer,1
deals,1
dear,2
death,3
deaths,1
debate,1
debated,1
debt,3
debts,1
decade,1
decades,2
deceiver,1
december,2
decide,6
decided,25
decides,1
decision,5
decisionmaking,1
deck,1
declared,1
declaring,1
declining,1
decorate,3
decorated,2
decorating,1
decoration,1
decorations,2
decrease,1
decreasing,1
deed,1
deep,6
deeply,4
deer,1
def,1
defeated,2
defend,1
defending,1
defense,1
defensive,1
defined,1
definite,1
degree,4
delay,2
delicate,1
delicious,8
delighted,1
delightedly,1
delightful,1
delights,1
deliver,1
delivery,3
delson,1
demand,1
demanded,1
democracy,3
democratic,2
demonstrates,1
demonstration,1
denied,2
dense,1
dentist,1
depart,1
department,2
departure,1
depend,1
dependent,1
depends,1
deposits,1
depressed,1
depresses,1
depression,3
depth,1
derek,2
describe,1
described,8
description,1
deserted,1
deserved,2
deserves,1
design,3
designed,1
designer,1
designing,1
desire,2
desired,2
desk,4
despair,1
desperate,1
despite,4
dessert,1
desserts,1
destination,2
destroy,2
destruction,1
detail,1
details,1
detained,1
detect,1
detected,2
detective,1
detergent,1
determination,2
determined,1
develop,1
developed,3
developers,1
developing,1
development,3
developmental,1
devices,1
devil,1
devised,1
devote,2
devotes,1
devoting,1
dial,1
dialed,2
dialogue,1
diamond,1
diarrhea,2
diary,2
dictionary,3
did,20
didn’t,58
die,1
diet,2
difference,1
differences,1
different,19
differs,1
difficult,6
difficulties,1
difficulty,2
dig,1
digested,1
digestion,1
digging,1
digital,2
dignity,2
digs,1
diligence,1
diligent,3
dim,1
dimes,1
diminish,1
dine,1
dining,2
dinner,17
dinosaurs,1
diploma,1
diplomat,1
dipping,1
direct,2
directed,1
direction,1
directly,3
director,3
directselling,1
dirt,1
dirty,9
disadvantage,1
disagreed,1
disappear,2
disappointed,3
disappointment,2
disaster,3
discarded,1
discipline,2
disco,1
disconnect,1
discount,1
discouragement,1
discovered,2
discovering,1
discovery,1
discs,2
discuss,1
discussed,1
discussing,2
discussion,3
disease,5
diseases,3
disguise,1
disgusting,1
dish,1
dishes,1
dishonest,1
disliked,1
dismiss,1
disneyland,2
disorder,1
display,1
displayed,1
displaying,1
dispute,1
dissatisfied,2
dissocial,1
dissuade,2
distance,2
distant,1
distinct,3
distinguish,2
distinguished,1
distinguishing,1
distract,1
distributed,2
distributing,1
distribution,1
district,2
districts,1
disturbances,1
disturbed,1
disturbing,1
ditch,2
dived,1
divided,1
divine,1
division,1
divorce,2
divorced,4
dizzy,1
dj,2
dkny,1
do,69
dock,1
doctor,18
doctors,1
documentary,1
dodge,1
does,8
doesn’t,11
dog,3
doing,14
doll,1
dollars,4
dolls,1
dolphin,1
domestic,4
dominant,1
dominate,1
donald,1
donate,2
donated,3
donating,1
donation,1
done,18
done”,1
dong,3
don’t,41
door,7
doorbell,1
doors,1
dorm,3
dormitory,1
dose,1
doubled,1
doubt,3
doubted,3
doubtful,1
doughnut,1
dove,1
down,33
download,2
downstairs,1
downtown,3
dozens,1
dr,3
draft,1
dragged,1
dragon,2
drained,1
drama,2
dramatic,1
dramatically,1
drank,9
drawer,1
drawing,3
drawn,2
dreaded,1
dream,16
dreamed,2
dreams,4
dress,5
dressed,3
dressing,2
drew,1
drift,1
drill,1
drink,15
drinking,20
drinks,2
drip,1
drive,5
driver,4
drivers,1
driver’s,3
drives,1
driving,5
drop,2
dropped,3
drops,1
drought,1
drove,6
drowned,1
drowning,2
drowsy,1
drug,2
drugs,5
drums,1
drunk,5
drunk”,1
dry,2
dryer,1
duck,3
due,12
dull,2
dumb,2
dump,1
dumping,1
dumplings,1
durable,1
during,26
dusk,1
dust,1
dusting,1
dusty,1
duty,4
dvd,1
dvds,1
dwarf,1
dyeing,1
dying,1
dynamic,1
dynasty,1
each,22
eager,3
eagles,2
early,12
earn,6
earned,6
earnest,3
earnings,1
earphones,1
earpiercing,1
earth,2
earthquake,2
ease,3
easier,3
easily,3
eassy,2
east,1
easy,7
easygoing,1
easy”,1
eat,14
eaten,4
eating,7
eats,3
echoes,1
eclipse,1
economic,2
economical,2
economics,1
economist,1
economy,3
edge,1
edit,1
edition,2
editions,1
editor,3
educates,1
educating,1
education,6
educational,1
effect,1
effective,1
effects,1
efficiency,1
efficient,1
effort,10
efforts,5
egg,1
eggs,2
eggyolks,1
eight,3
eighteenstore,1
eighty,1
either,2
elaborately,1
elastic,1
elbows,1
elder,1
elderly,1
eldest,1
elected,1
election,4
electric,2
electrician,1
electricity,2
electronic,3
electronics,1
elegant,2
elementary,2
elements,2
elephant,1
elevators,1
eleven,1
eliminated,1
elizabeth,1
else,5
elsewhere,1
email,1
embarrassed,3
embarrassing,7
embarrassment,1
embassy,1
embrace,1
emcee,1
emerged,1
emergency,1
emission,1
emitted,1
emotion,2
emotional,3
emperor,1
emphasis,2
emphasized,2
empires,1
employ,1
employee,4
employees,11
employer,1
employers,1
empty,1
enable,1
enclosed,1
encore,1
encountered,2
encourage,6
encouraged,3
encouraging,1
end,11
endangered,2
ended,3
endless,2
endorsement,1
ends,1
endure,1
enemies,2
enemy,2
energetic,2
energies,1
energy,4
enforce,1
engaged,1
engine,1
engineer,5
engineering,1
engineers,1
engines,1
england,4
england’s,1
english,13
english”,1
enhances,1
enjoy,15
enjoyable,1
enjoyed,6
enjoying,2
enjoys,3
enlarge,2
enlightened,1
enormous,4
enormously,1
enough,11
enter,2
entered,5
entertain,1
entertainment,3
entertainments,1
enthusiasm,1
enthusiastic,2
entire,3
entrance,1
entry,2
envelope,2
envied,1
envious,1
environment,15
environmental,1
environment”,2
envy,1
equal,1
equality,1
equipment,1
era,3
erase,1
erased,1
eraser,1
erect,2
err,1
errands,1
errors,1
erudite,1
eruption,1
escalators,1
escape,1
escaped,2
especially,8
essay,253
essays,1
essential,4
establishes,1
estate,1
estimate,1
etc,5
europe,1
evaluated,1
evaluation,1
evans,1
eve,2
even,74
evening,11
event,4
events,2
eventual,1
eventually,2
ever,18
everlasting,1
every,78
everybody,10
everyone,21
everyone’s,2
everything,18
everywhere,9
evidence,1
evident,1
evil,2
evilest,1
evoked,1
evolution,1
ewhiteboards,1
exact,1
exaggerate,1
exam,5
examination,1
examined,3
examinee,1
examinees,1
examiners,2
example,16
examples,1
exams,3
exceeded,1
excellence,1
excellent,3
except,1
exception,1
exceptional,1
excessive,2
exchanged,2
excited,4
excitedly,3
excitement,1
exciting,4
exclusive,1
excursion,1
excuse,1
excuses,2
execution,1
exercise,2
exgirlfriend,1
exgirlfriend’s,1
exhaust,1
exhausted,1
exhibit,1
exhibition,13
exhibitionism,1
exhibitionist,1
exist,1
existence,2
existing,2
exists,1
exit,1
expands,1
expansion,1
expect,3
expectation,6
expected,2
expects,1
expelled,1
expenditure,1
expense,3
expenses,3
expensive,10
experience,12
experienced,2
experiences,6
experiencing,3
experiment,3
experimental,1
experimenting,1
expert,2
experts,2
explained,3
explanations,1
exploded,1
explore,3
exploring,1
explosion,1
explosions,1
explosive,1
exported,2
exporting,1
exposed,2
expositions,1
exposure,1
express,2
expressing,1
expression,2
expressive,1
extend,1
extended,1
extent,1
extinct,2
extra,4
extraordinary,1
extremely,3
exwife,1
eye,2
eyebrows,1
eyes,11
f16,1
fable,1
fabulous,2
face,17
facebook,1
faced,1
faces,2
face”,1
facial,1
facilities,1
facilities”,1
facility,1
facing,1
fact,5
factors,3
factory,9
facts,1
faded,1
fail,3
failed,3
failing,1
failure,4
fainted,2
fair,5
fairskinned,1
fairy,1
faith,3
faithful,1
fake,6
fakes,1
fall,5
falling,2
false,1
fame,3
familiar,2
families,2
family,31
family’s,1
family”,1
famous,18
fan,2
fancy,7
fanned,1
fans,8
fantastic,2
fantasy,1
far,4
fare,1
farewell,2
farm,5
farmer,1
farmers,1
farmers’,2
farming,1
farther,1
fascinated,3
fascinating,2
fashion,6
fast,3
fastened,1
faster,1
fastgrowing,1
fastmovement,1
fastpaced,1
fat,4
fatal,1
fate,2
father,18
father’s,3
fatigue,1
fault,2
faults,2
faulty,1
favor,1
favorable,1
favorite,14
favorites,1
fax,1
faxed,1
fear,4
feasible,1
feast,2
feather,1
feathers,3
features,1
featuring,1
february,2
fed,1
fee,4
feed,2
feeding,1
feeds,1
feel,15
feeling,2
feelingly:,1
feelings,2
feels,1
feet,4
fell,11
fellow,1
fellows,1
felt,29
female,7
females,1
fence,3
fences,1
ferry,1
fertile,1
festival,5
festivals,1
fetch,1
fever,2
few,24
fewer,2
fiancé,1
fictions,1
field,7
fields,2
fiercelooking,1
fifteen,3
fifth,2
fifty,2
fight,11
fighter,1
fighting,1
figure,4
figures,2
file,3
filed,2
files,1
fill,2
filled,5
fills,1
film,7
films,1
fin,1
final,3
finally,20
finance,3
financial,5
find,31
finding,1
finds,1
fine,2
fine;,1
finest,1
finger,1
fingernails,1
fingers,2
finish,3
finished,8
finishes,1
fire,4
firecrackers,1
fireplace,1
fire”,1
firm,4
firmly,1
first,46
firstly,1
first”,1
fish,5
fishermen,1
fishing,4
fist,1
fit,1
fitness,1
five,16
fix,1
fixed,1
flags,1
flames,1
flash,1
flat,1
flatter,1
flavored,1
flea,1
flee,1
flesh,1
flew,1
flexible,1
flies,1
flight,1
floating,2
flock,2
flooded,1
floor,6
flour,1
flow,1
flowed,2
flower,1
flowerarranging,1
flowers,7
flowing,1
flu,1
fluctuate,1
fluent,2
fluently,1
flunk,1
flushed,1
flute,2
fly,3
foam,1
focus,3
focusing,1
fog,2
foggy,1
folded,1
folk,1
follow,2
followed,1
followers,1
following,2
following:,1
follows,1
fond,6
fondness,1
food,34
foods,1
fool,1
foolish,1
foot,2
for,414
forbid,1
force,2
forced,2
forecasted,1
forehead,1
foreign,2
foreigners,1
forest,2
forever,2
forget,7
forgets,1
forgetting,1
forgive,2
forgot,9
fork,3
form,7
formal,2
formation,1
formed,2
former,4
formula,1
fort,1
forth,1
fortunate,1
fortunately,2
fortune,9
forty,2
fortyfour,1
forum,2
forums,2
forward,7
forwards,1
fossil,1
fossils,1
fought,2
found,36
foundation,9
founded,1
founder,1
fountain,1
four,5
fourteen,1
fourteenyearold,1
fourwheel,1
fox,1
fragrance,1
fragrant,1
frames,1
framing,1
france,2
frank,1
free,8
freedom,2
freer,1
freeway,1
freezer,1
free”,2
french,3
frenchfried,1
frequency,1
frequent,2
frequented,1
frequently,2
fresh,5
freshman,1
friday,4
fridge,1
fried,1
friend,22
friendly,6
friends,46
friendship,3
friends’,3
friend’s,2
fries,1
frightened,1
fringe,1
frog,1
from,173
front,11
frost,1
frown,1
frozen,2
fruit,2
fruits,5
frustrated,2
frustration,1
fu,1
fuels,1
fulfill,2
fulfilled,1
full,17
fully,1
fun,8
functional,1
functions,1
fund,1
fundamental,1
funds,1
funerals,1
funny,7
furious,1
furnished,1
furniture,7
furs,1
further,3
furthermore,1
fury,1
future,11
gaga,3
gaga’s,1
gain,3
gained,8
gallant,1
gallery,3
gallon,1
gamble,2
gambler,1
gambles,1
gambling,4
game,12
game;,1
gamers,1
games,13
gang,5
gangster,1
gap,1
garage,2
garbage,5
garcia,5
garcia’s,1
garden,4
gardener,1
gardening,1
gary,2
gas,2
gases,1
gasoline,1
gate,2
gather,2
gathered,2
gathering,1
gave,26
gazed,2
geared,1
gene,1
general,3
generation,5
generosity,2
generous,2
genetic,1
genius,1
gentle,3
gentleman,1
genuine,4
geography,1
george,2
gept,1
germany,1
germs,1
gesture,1
get,43
gets,2
getting,7
ghost,2
giannini,1
giant,2
gift,10
gifted,1
gifts,3
gigantic,1
giggling,1
ginger,1
giraffes,1
girl,32
girlfriend,17
girls,16
girl’s,2
girl”,1
give,20
given,2
gives,1
giving,1
glad,2
gladly,1
glanced,2
glass,6
glasses,3
gliding,1
glimpse,1
global,2
globe,1
globe”,1
glorious,1
glory,1
gloves,2
glowed,1
glues,1
go,38
goal,5
goats,1
god,6
god’s,1
god”,1
goes,7
going,11
gold,3
golddiggers,5
golden,2
golf,3
golfer,4
golfers,1
gone,6
gone”,1
good,48
goodbye,2
goods,3
goose,2
gorgeous”,1
gossip,2
got,49
gothic,2
gotten,1
govern,1
governing,1
government,24
governments,1
governor,1
gown,1
go”,1
grabbed,1
grace,1
graceful,3
gracious,2
grade,1
grades,1
grading,1
gradual,1
gradually,5
graduate,1
graduated,2
graduating,1
graduation,4
graffiti,5
graffitists,1
grains,1
grammar,3
grammatical,1
grams,1
grand,3
grandchild,1
granddaughters,1
grandfather,5
grandfathers,1
grandfather’s,2
grandma,1
grandma’s,1
grandmothers,1
grandpa,6
grandparents,2
grandparents’,1
grandpa’s,1
grandsons,1
granted,1
grape,1
grapefruit,1
grasp,1
grasshoppers,2
grassland,1
grateful,1
gratitude,1
grave,2
gray,1
greasy,1
great,48
greatest,3
greatly,3
greedy,1
greek,4
green,2
greengrass,1
greenhouse,4
greet,1
greeted,2
greetings,1
greg,1
grew,3
grief,3
grieve,1
grill,2
grilled,3
grilling,2
grin,1
grocery,1
ground,11
group,5
groups,2
grow,5
growing,1
grown,1
grows,1
growth,2
guam,1
guarantee,1
guaranteed,1
guard,5
guardian,1
guards,1
gucci,4
guess,3
guessed,1
guesswork”,1
guests,3
guidance,2
guide,4
guided,3
guilt,3
guilty,2
guitar,3
guitarist,3
gulf,1
gum,2
gun,5
gunned,1
gunshot,1
guy,8
guys,4
guy”,1
gym,2
gymnasium,1
habit,6
habits,1
habitual,1
had,184
hadn’t,1
hair,11
hair;,1
haircut,1
hairdos,1
hairdresser,1
hairs,1
half,7
halfclosed,1
hall,5
hallway,1
halt,1
ham,1
hamburgers,1
hand,3
handed,2
handicraft,1
handkerchief,2
handle,1
handling,1
hands,6
hands;,1
handsome,2
handwriting,1
handy,1
hangers,1
hanging,1
hangover,2
happen,2
happened,14
happening,1
happens,2
happier,1
happy,10
harbor,2
harbors,1
hard,30
hardens,1
harder,1
hardly,1
hardship,1
hardware,1
hardworking,1
harm,3
harmed,1
harmful,2
harmonica,1
harmony,1
harry,1
harsh,1
harvard,2
harvest,1
has,85
haste,1
hasten,1
hasty,1
hat,1
hatched,1
hated,1
hating,1
hatred,1
have,172
haven’t,2
having,12
hawks,1
he,665
he/she,4
head,6
headline,1
headlines,1
headphone,1
headphones,1
headquarters,2
heads,1
head’s,3
heal,1
health,10
healthcare,1
healthful,2
healthily,1
healthy,7
hear,5
heard,14
heart,6
hearts,3
heater,2
heating,1
heaven,1
heaven”,1
heavier,3
heavily,1
heaving,1
heavy,13
heel;,1
heels,1
height,1
held,12
helicopter,1
helicopters,2
hello,1
hello”,1
helmet,1
help,35
helped,1
helpful,3
helping,3
helps,2
her,249
herd,1
here,7
heroine,1
herself,9
hesitation,1
he’s,13
hid,4
hidden,1
hide,2
hiding,3
high,26
higher,3
highest,2
highlighters,1
highly,3
highrisk,1
highschool,1
hill,1
hillbilly,1
hills,1
him,156
him/her,2
himself,12
him”,1
hint,1
hints,1
hip,1
hiphop,1
hire,2
hired,2
hires,1
his,355
his/her,1
historian,1
historic,1
historical,3
history,10
hit,4
hitchhike,1
hitting,1
hobby,2
hoe,1
hold,5
holding,2
holds,1
hole,2
holiday,3
hollow,1
hollywood,2
holy,1
home,42
homeland,1
homeless,1
homelessness,1
homemade,1
homesick,1
homestay,1
homework,5
honest,2
honesty,3
honey,1
honeymoon,3
honor,1
honorable,1
honored,2
hook,1
hooked,1
hooks,1
hope,8
hoped,6
hopeful,1
hopefully,1
hopes,1
hopped,1
horizon,1
horn,2
horrible,6
horrified,1
horror,1
horse,3
hoses,1
hoses”,1
hospital,15
hospitals,1
host,3
hosted,1
hostel,1
hot,10
hotel,6
hottest,1
hour,2
hours,19
house,44
household,1
households,1
housekeeper,2
houses,2
housewife,1
housewives,1
housework,2
housing,1
hovering,1
how,47
however,73
hug,3
huge,1
human,9
humanity”,1
humans,3
humans’,2
human’s,1
humble,1
humid,1
humidity,1
humor,1
humorous,1
hundred,4
hundreds,5
hung,3
hunger,1
hungry,1
hunt,1
hunted,1
hunter,1
hunters,1
hunting,4
hunting”,1
hurling,1
hurricane,1
hurries,1
hurt,10
hurting,1
husband,12
husbands,1
hut,1
hybrid,1
hydrogen,1
i,743
ice,4
iceberg,1
iced,1
iceland,1
iconic,1
id,2
idea,16
ideal,1
ideas,5
idea’s,1
identical,1
identification,1
identify,1
identity,4
idiom,1
idiot,1
idle,2
idling,1
idol,1
if,55
ignorance,1
ignorant,1
ignore,3
ignored,1
ikea,1
ill,1
illegal,8
illegality,1
illegible,1
illness,1
illustrated,1
illustrations,1
image,4
imagery,1
images,5
imaginable,1
imaginary,1
imagination,1
imaginative,1
imagine,2
imitate,1
imitation,1
immediate,1
immediately,4
immigrants,1
immigrated,1
immigration,3
impact,2
implication,1
implies,1
implying,1
importance,2
important,29
importantly,3
imported,1
importing,1
imposes,1
impossibility,1
impossible,2
impotence,1
impressed,3
impression,1
impressionism,1
impressive,4
improve,3
improvement,3
impudently,1
in,755
inc,1
inch,1
incident,2
inciting,1
include,1
included,3
including,10
income,2
incomparable,1
increase,1
increases,1
increasing,1
increasingly,1
incredible,3
incurred,1
indeed,5
independence,2
independent,5
india,1
indicate,1
indicates,1
indication,1
indirectly,1
indispensable,1
individual,1
indoor,1
indoors,1
indulged,1
indulges,1
industrial,1
industry,3
inevitably,1
infant’s,1
infatuated,1
infected,2
infection,2
infectious,1
inferior,1
inferred,1
infidelity,1
infinite,1
inflation,1
influence,3
influenced,2
influences,1
influential,1
inform,2
information,7
informative,1
ingredients,2
inhabitants,2
inherit,2
inherited,2
initial,1
initially,3
injection,1
injured,9
injury,2
injustice,1
ink,2
inn,2
inner,1
innocence,3
innocent,1
innovative,1
input,1
insects,2
insert,1
inside,8
insist,1
inspect,1
inspection,2
inspiration,2
inspire,1
inspired,1
installation,1
installed,1
instance,1
instant,1
instantly,1
instead,15
instinct,1
institute,1
instruct,1
instructions,2
instructor,4
instructor’s,1
instrument,3
insulted,1
insults,1
insurance,2
insurrection,5
intellectual,1
intelligence,3
intelligent,1
intend,2
intended,1
intending,1
intense,3
intensify,1
intensity,1
intensive,1
intention,5
interact,1
interacted,1
interaction,1
interest,5
interested,5
interesting,7
interfering,1
interior,1
intermediate,1
internal,1
international,6
internationally,1
internet,18
interpersonal,1
interpret,2
interrupting,1
interruption,1
interview,7
intimate,1
intimidate,1
into,51
intonation,1
intravenous,1
introduce,2
introduction,2
intruders,1
invaded,1
invasion,1
invented,1
inventing,1
invention,2
inventor,1
invested,1
investigate,1
investigates,1
investigating,1
investigation,1
investment,1
invitation,1
invite,2
invited,6
invites,1
inviting,2
involved,2
involving,1
in”,2
iraq,1
iron,2
irreplaceable,1
irritated,1
is,399
isabella,4
island,5
isn’t,3
isolated,4
isolation,1
issue,5
issues,2
it,308
it;,1
italian,2
italy,2
itching,1
items,4
its,14
it’s,55
it”,1
iucn,1
ivory,4
i’d,2
i’ll,13
i’m,15
i’ve,14
jacket,3
jahan,1
jail,4
jam,5
jams,1
january,1
japanese,3
jar,7
jason,6
jason’s,1
jaws,1
jazz,8
jealous,2
jealousy,2
jeans,2
jeep,1
jelly,1
jennifer,1
jenny,9
jenny’s,1
jessica,3
jet,1
jewel,1
jewelry,3
jimmy,12
job,43
jobless,3
jobs,5
jogs,1
john,28
john’s,13
join,11
joined,3
joining,1
joins,1
joke,2
jokes,1
joking,1
jokingly:,1
journal,4
journalist,2
journey,2
joy,2
joyful,1
joyfully,1
judge,2
judgement,1
juice,4
july,1
jump,3
jumped,3
jumping,1
june,2
jungle,2
junior,3
junk,2
just,56
justice,1
kathy,2
keen,1
keep,19
keeper,1
keeping,2
keeps,3
kelly,4
kept,12
ketchup,2
kettle,1
kevin,3
key,1
keyboard,3
keynes”,1
kicked,6
kicking,1
kid,7
kids,23
kids’,2
kilda,1
kill,11
killed,2
killer,1
killing,1
kills,1
kilograms,2
kind,13
kindergarten,1
kindhearted,1
kindness,2
kinds,15
king,2
kingdom,1
kiss,1
kitchen,5
kite,1
kitten,1
kitty,1
knees,2
knelt,1
knew,19
knife,1
knight,2
knit,1
knobs,1
knock,1
knocked,1
knot,1
knots,1
know,27
knowing,2
knowledge,8
known,4
knows,2
knuckles,1
koalas,2
korphe,3
kung,1
labeled,1
labor,1
laboratory,3
labors,1
labors’,1
lace,1
lack,7
lacked,3
lacking,1
lacks,2
ladder,1
ladies,2
lady,6
ladybugs,1
lady’s,2
lag,1
lagging,1
lai,2
laid,2
lake,2
lakes,1
lamborghini,1
lambs,1
lamp,1
land,4
landlord,2
landmarks,1
landscape,3
landslide,1
lane,2
lanes,1
language,6
lanka,2
lantern,6
laps,1
large,9
largely,2
largest,1
last,49
late,10
lately,2
later,15
latest,6
latin,1
latter,1
laugh,2
laughed,3
laughing,5
laughter,3
launch,2
launched,2
launches,1
laundry,1
lavish,1
law,2
lawful,1
lawn,2
lawrence,4
lawrence’s,2
lawyer,1
lay,5
laying,1
lazy,1
lcd,2
lead,3
leader,11
leaders,1
leadership,1
leads,1
leaf,1
leaning,1
leap,1
learn,7
learned,3
learning,3
least,6
leather,4
leave,10
leaves,2
leaving,4
lecture,2
lecturer,1
led,2
lee,3
left,21
leg,3
legal,1
legend,2
legends,1
legs,4
leisure,8
leisurely,2
lemon,2
lemonade,1
lend,1
length,1
lengthen,1
lens,1
leopard,1
lesbian,1
less,13
lesson,1
lessons,1
let,16
letter,7
letters,1
letter’s,1
lettuce,1
leukemia,1
level,5
liar,1
liars,1
liar”,1
liberal,1
liberty,1
librarian,1
libraries,1
library,2
license,1
license;,1
licking,1
lids,1
lie,4
lied,1
lies,4
lie”,1
life,92
life;,1
lifeboat,1
lifeguard,1
lifestyle,2
lifestyles,1
lifetime,1
life”,3
lifted,1
light,7
lighted,1
lightened,1
lighter,1
lightning,1
lights,6
like,122
liked,9
likely,3
likes,3
lil,4
lily,1
limbs,2
limit,1
limitation,1
limitations,1
limited,4
lin,7
line,2
linen,1
ling,1
lining;,1
link,1
linkin,4
lin’s,1
lion,2
lip,1
lips,1
lipstick,1
liquid,1
liquor,1
lisa,4
list,1
listed,1
listen,4
listened,2
listener,1
listening,4
lit,1
literacy,2
literary,1
literature,3
litter,1
little,6
live,30
lived,21
liver,2
livered,1
lives,13
livestock,1
living,23
loads,1
loaf,1
loan,1
lobby,2
lobster,2
local,6
locals,5
located,5
location,2
locations,1
lock,1
locked,3
locker,1
logic,1
logical,1
logs,1
lollipop,1
lonely,5
long,22
longdistance,2
longed,1
longer,6
longlived,1
long”,1
look,16
looked,14
looking,8
looks,4
loose,1
loosened,2
lopez,1
lord,1
lose,12
loser,1
losing,3
loss,1
lost,16
lot,44
lotion,1
lots,3
loud,3
loudly,5
loudspeaker,1
loudspeakers,1
lounge,1
lousy,1
love,34
love;,1
loved,14
lovely,4
lover,5
lovers,1
loves,3
love”,1
loving,1
low,9
lower,1
lowerclass,1
lowrance,4
lowstatus,1
loyal,1
loyalty,1
luck,2
luckily,6
lucky,2
luggage,1
lunar,3
lunch,3
lung,3
lungs,1
lust,2
luxuries,2
luxurious,3
luxury,3
lv,2
lying,3
machine,3
machinery,1
machines,1
mad,5
madam”,1
made,50
magazine,5
magic,2
magical,1
magician,2
magnet,1
magnetic,1
magnificent,1
mahjong,3
maid,2
maids”,1
mail,1
main,13
mainly,6
mainstream,1
maintain,5
major,4
majority,2
make,65
maker,1
makes,8
makeup,2
making,27
maldives,1
male,2
males,1
mall,4
mall’s,1
maltreat,1
malvern,2
man,43
manage,1
managed,1
management,2
manager,3
mandarin,1
mandy,5
mandy’s,1
mango,1
manhattan,1
manicure,1
mankind,1
manner,2
manners,1
mansion,1
manual,1
manufacturer,1
manufactures,1
many,53
man’s,4
map,1
marathon,2
marble,2
march,1
marched,1
margin,1
marijuana,7
marijuana:,1
marital,1
mark,7
market,9
market;,1
marketing,1
markets,1
mark’s,2
marriage,4
married,7
marry,2
martial,4
marvelous,1
mary,9
mashed,1
mask,2
mass,2
massage,1
massive,1
master,3
masters,2
mat,1
match,3
matched,4
material,1
materials,5
mates,1
math,2
mathematical,2
mathematics,2
matter,12
mattered,3
matters,2
mature,2
maturity,1
maximum,2
may,11
maybe,16
mayor,7
mayor’s,2
mcdonald’s,1
me,140
meadow,1
meal,3
mean,4
meaning,3
meaningful,1
meaningless,1
means,7
meant,4
meanwhile,2
measurable,1
measure,1
measures,2
meat,6
mechanic,1
mechanical,1
medal,1
media,2
medical,4
medicine,6
medium,1
meet,7
meeting,5
meets,2
melbourne,2
melodies,1
melody,1
melon,1
melted,1
member,7
members,7
membership,1
members’,1
memorable,1
memorial,1
memories,3
memorize,1
memory,7
men,9
mend,1
mental,3
mentioned,4
menu,2
men’s,1
men”,1
meowing,1
merchant,2
mercy,1
mere,4
merits,1
merry,1
mess,3
message,1
messages,1
messenger,1
messy,2
met,9
metal,1
meteoric,1
meters,1
methods,1
metro,2
me”,3
mice,1
microphone,1
microscope,3
microwave,3
microwaves,3
middle,4
middleaged,2
middleclass,1
midnight,1
might,21
mighty,2
mike,1
mild,1
miles,4
military,6
milk,6
mill,5
million,4
millionaire,1
millions,1
milton,1
mind,13
minds,1
mine,3
miner,1
minerals,1
mini,2
minimum,1
minister,5
minister’s,1
ministry,2
minor,1
minorities,1
minus,1
minute,4
minutes,9
miracle,3
mirror,3
mischief,1
miserable,1
misery,1
misfortune,1
misfortunes,1
mislead,1
miss,3
missile,1
missiles,1
missing,1
mission,2
mist,2
mistake,2
mistakes,3
misunderstand,1
mix,1
mixed,2
mixture,1
mob,1
mobile,3
mobility,1
model,9
models,5
moderate,1
modern,11
modest,1
modesty,1
modifications,1
modified,2
moist,1
moisture,1
moldy,1
mom,10
moment,6
mom’s,1
monday,1
money,57
money”,1
monitoring,1
monk,2
monkey,1
monster,1
montblanc,1
month,26
monthly,1
months,13
monument,1
mood,4
moon,2
moonlight,1
mop,1
moral,1
more,55
moreover,3
morning,22
mortenson,2
mortenson’s,1
mosquitoes,1
most,62
mostly,2
motel,1
mother,24
mothers,2
mother’s,3
moths,1
motion,1
motivated,1
motivation,3
motor,1
motorcycle,1
mountain,4
mountaineer,1
mountainous,3
mountains,4
moustache;,1
mouth,1
movable,1
move,6
moved,8
movement,1
movements,2
movie,9
movies,11
movie’s,1
moving,1
mowing,1
mp3,2
mr,15
mrs,2
mrt,1
ms,1
mtv,1
much,57
mud,1
muddy,1
mugs,1
mule,2
multiple,1
multiplied,1
municipal,1
murder,1
murderer,1
murmured,1
muscles,1
museum,10
museum’s,1
mushrooms,3
music,31
musical,2
musician,1
musicians,2
muslim,1
muslims,1
must,9
mutual,2
my,443
myself,12
mysterious,4
mystery,1
nagged,1
nail,2
nails,1
naked,3
name,9
named,1
namely,1
nanny,1
nap,1
napkin,1
narrow,4
nasal,1
nasty,1
nation,1
national,1
nationality,1
nationwide,1
native,2
natural,7
naturally,1
nature,6
naughty,3
navy,2
naïve,2
near,10
nearby,6
nearest,1
nearly,3
nearsighted,1
neat,1
necessarily,1
necessary,4
necessities,2
neck,1
necklace,2
necktie,1
need,21
needed,25
needles,1
needs,13
needy,1
negative,5
neglected,1
negotiate,1
negotiated,1
negotiations,1
neighbor,1
neighborhood,4
neighboring,1
neighbors,5
neighbor’s,1
neither,7
nephew,8
nerves,1
nervous,2
nervously,1
nest,1
nests,1
netizens,1
nets,1
network,1
networking,1
networks,1
neutral,1
never,37
nevertheless,4
new,39
newlybuilt,1
news,10
newspaper,6
newspapers,1
newspaper’s,1
next,33
nice,10
nicely,1
niches,1
nickname,1
niece,2
night,44
nightfall,1
nightmare,3
nightmares,1
nights,2
nike,1
nine,2
nineteen,1
ninety,2
no,69
noble,2
nobody,7
nod,1
nodded,2
nodding,1
noise,9
noisy,3
none,2
nonsense,2
nonusers,1
noodles,2
noon,1
nor,6
normal,2
normally,1
north,3
northern,1
nose,2
not,156
notables,1
notation,1
note,2
notebook,1
notes,1
nothing,12
notice,2
noticeboard,1
noticed,3
notorious,2
nots,1
nouns,2
novel,2
novelist,1
novels,2
november,1
now,40
now;,1
nowadays,7
no”,1
ntd,3
nuclear,3
number,5
numbers,2
numerous,2
nun,3
nurse,2
nursery,1
nursing,1
nut,1
nylon,1
oaks,1
obedience,1
obedient,2
obey,1
object,1
objections,1
objective,2
obligation,1
observation,2
observed,1
observes,1
obsessed,1
obstacles,1
obtained,2
obvious,4
occasion,1
occasional,1
occasionally,1
occasions,2
occupation,1
occupied,1
occupies,1
occurred,1
ocean,1
october,2
odd,8
of,868
off,25
offence,1
offend,2
offensive,1
offer,2
offered,2
offerings,2
office,11
officer,2
official,1
officials,5
offroad,1
often,13
of”,1
oh,2
oil,1
ok,3
old,27
older,2
omitted,1
on,314
once,22
one,159
ones,1
oneweek,1
one’s,2
one”,1
onion,1
online,7
only,37
only;,1
onto,1
open,4
opened,5
opening,2
openminded,2
opera,2
operate,1
operating,1
operation,1
operator,1
operators,1
operator’s,1
opinion,3
opinions,2
opportunistic,1
opportunities,2
opportunity,4
oppose,1
opposed,1
opposite,1
optimistic,1
option,2
or,92
oral,1
orange,2
oranges,2
oranges”,1
orbit,1
orchard,1
orchestra,2
orchestral,1
order,33
ordered,3
orderly,1
ordinary,4
organ,1
organic,1
organization,4
organization’s,1
organizing,1
origin,1
original,1
originally,3
originated,3
origins,1
orphanage,1
orphans,4
other,56
others,12
others’,1
otherwise,4
other’s,3
ought,1
our,80
ourselves,4
ourselves”,1
out,85
outcome,2
outdoor,2
outdoors,2
outfit,1
outfits,1
outline,1
outside,12
outstanding,2
out”,1
oval,2
oven,1
over,36
overcoat,2
overcome,3
overemphasizing,1
overestimate,1
overlooked,1
overnight,1
overpasses,1
overseas,2
overtaken,1
overthrow,1
overtime,1
owed,1
owls,1
own,26
owned,4
owner,8
owners,2
ownership,1
owner’s,1
owning,1
oxen,1
oxygen,1
o’clock,5
pace,5
package,2
packed,1
packs,1
page,1
paid,7
pain,5
painful,1
paint,3
painted,3
painter,2
painters,1
painter’s,2
painting,6
paintings,6
pair,7
pairs,2
pajamas,1
pakistan,4
paksitan,1
pal,1
palace,2
pale,1
palm,1
pan,1
panasonic,1
pancakes,1
panda,1
pandas,2
pandora,1
panel,1
pang,1
panic,2
pants,3
pants”,1
papayas,1
papa’s,1
paper,3
papers,1
parachute,1
parade,1
paradise,1
paragraph,1
paralyzed,1
paraphernalia,2
pardon,1
parents,31
parents’,1
parent’s,1
paris,4
park,14
parking,2
park’s,1
parrots,2
part,8
partial,1
participants,2
participated,3
participation,1
participle,1
particular,2
particularly,1
parties,4
partly,3
partner,4
partnership,1
parttime,4
party,28
party;,1
pass,1
passage,1
passed,11
passenger,1
passengers,3
passersby,1
passing,3
passion,8
passionately,1
passive,1
passport,1
password,1
past,11
pasta,2
paste,1
pasted,1
pastime,1
pat,1
patent,2
path,1
pathways,1
patience,2
patient,1
patients,6
patrick,4
patriotic,1
patrol,1
pattern,1
patterned,1
patterns,1
paul,7
pause,1
pavement,1
pawn,1
paws,1
pay,14
paying,2
payment,2
pays,1
peace,2
peaceful,4
peacetime,1
peach,3
peak,2
peanuts,1
pear,1
pearls,2
peas,2
pebbles,1
peculiar,2
pedal,1
peeled,1
peels,1
peeped,1
peer,1
penalty,1
pencil,2
penguin,1
penguins,1
penny,1
pens,1
people,96
people’s,7
pepper,2
per,3
percent,7
percentage,1
percy,1
perfect,6
perfection,2
perfectly,4
perform,8
performance,26
performances,3
performed,4
performer,1
performing,3
performs,1
perfume,2
perhaps,1
period,8
permanent,2
permission,4
permitted,1
perseverance,2
persian,1
persisted,1
person,24
personal,5
personality,4
persuade,2
persuaded,2
persuasion,1
persuasive,1
pertinent,1
pessimistic,1
pesticide,1
pests,2
pet,4
peta,1
petals,1
peter,14
peter’s,1
petition,1
phase,2
phenomenon,2
phenomenon;,1
philosophers,1
philosophical,1
philosophy,3
phone,10
photo,2
photographer,1
photography,2
photos,5
phrase,1
physical,3
physician,1
physicist,1
physics,2
pianist,3
pianists,4
piano,9
pick,4
picked,5
picking,3
pickpocket,1
picnic,1
picture,2
pictures,1
pie,3
piece,3
pieces,2
pig,3
pigeon,5
pile,2
piles,1
pillows,1
pills,1
pilot,3
pilot’s,4
pin,1
pine,2
pineapples,1
pingpong,1
pink,2
pint,1
pioneer,1
pious,1
pipe,3
pirate,1
pirated,1
pirates,2
pit,1
pitched,1
pitied,2
pitiful,1
pity,2
pizzas,1
place,26
place;,1
placed,1
places,6
plain,2
plan,6
plane,2
planet,3
planets,2
planned,3
planning,4
plans,4
plant,2
planted,3
planting,1
plants,2
plastic,1
plate,1
plates,4
platform,2
play,19
playboy,2
playboys,2
played,8
player,1
players,5
playful,1
playground,1
playing,16
plays,5
pleasant,1
please,4
pleased,1
pleasure,4
plentiful,1
plenty,3
plot,3
plots,1
plucked,1
plugged,1
plum,2
plumber,3
plums,1
plural,1
plus,2
pm,1
pocket,1
poem,1
poet,1
poetry,1
point,7
points,1
poison,2
poisonous,1
polar,8
pole,4
police,23
policeman,6
policemen,3
policies,2
policy,4
polish,3
polishing,1
polite,1
political,3
politician,5
politicians,3
politics,1
poll,1
polluted,1
pollution,4
pond,1
pondering,1
pony,1
pool,1
poor,5
pop,1
popcorn,2
popped,1
popular,9
popularity,4
popularize,1
population,3
porcelain,1
port,2
portable,1
porter,2
portion,1
portrait,3
portraits,1
portrayed,1
pose,1
position,3
positions,1
positive,2
possess,2
possession,2
possibility,3
possible,9
possibly,1
postage,1
postcard,1
posted,2
poster,1
posters,1
postindustrialized,1
postman,1
postpone,1
postponed,1
pot,5
potato,2
potatoes,4
potential,1
pottery,1
pounds,1
pouring,1
poverty,3
powder,1
power,10
powerful,1
practical,1
practice,9
practiced,1
practicing,3
praise,1
praised,6
pray,2
prayers,1
precious,1
precise,1
predict,2
prediction,1
prefer,2
preferable,1
preferred,1
pregnancy,1
pregnant,2
premiere,1
premium,1
preparation,1
prepare,5
prepared,3
preposition,1
presence,2
present,4
presentation,1
presentations,1
presents,1
preservation,1
preserve,1
president,6
press,4
pressed,1
pressure,10
pressure”,1
pretend,1
pretended,1
pretending,2
pretty,6
prevent,5
prevention,1
previous,4
prey,1
price,10
priceless,1
prices,1
pride,1
priest,2
primary,2
prime,6
primitive,1
primitives,1
prince,4
princess,2
prince’s,1
principal,3
principle,2
print,1
printed,2
printer,1
prison,3
prisoners,2
privacy,2
private,3
privileged,1
privileges,1
prize,4
prizes,1
probable,1
probably,5
problem,11
problems,15
problems”,1
procedure,1
proceed,1
proceeded,1
process,3
processed,1
proclaim,1
produced,6
producer,2
product,1
production,3
productive,1
products,10
profession,1
professional,11
professor,4
professors,1
professors’,1
profit,1
profitable,1
profits,5
program,2
programs,1
progress,2
progressing,1
project,1
prominent,1
promise,1
promised,5
promising,4
promote,2
promoted,2
promotion,3
prompt,1
promptly,1
pronounce,2
pronounced,1
pronunciation,2
proof,1
propaganda,1
proper,2
properly,1
properties,1
property,2
proposal,5
propose,2
proposed,4
proposing,1
prospering,1
prosperity,2
prosperous,1
protect,7
protected,4
protecting,2
protection,2
protective,1
protector,1
proteins,1
protest,1
proud,2
prove,1
proved,1
proverb,1
proves,1
provide,2
provided,3
provides,1
providing,1
prowl,1
psychological,1
psychologist,1
psychology,2
pub,4
public,21
publication,1
publicity,1
public’s,1
published,6
publishers,1
publishing,1
pudding,1
pull,1
pulling,1
pumping,1
pumpkin,2
pumps,1
punched,1
punished,1
punishments,2
punk,1
pupils,1
puppet,1
puppy,3
purchase,1
pure,2
purple,1
purpose,5
purse,1
pursue,1
pursue;,1
pursuing,1
pursuit,1
push,1
pushes,1
pushing,1
put,24
putting,3
puzzled,1
quaking,1
qualification,3
quality,5
quantify,1
quarrel,4
quarter,1
queen,1
queer,1
question,2
questions,11
quick,2
quickly,2
quiet,4
quilt,1
quit,7
quite,7
quizzed,1
quotation,1
quoted,1
rabbit’s,1
race,3
racers,1
racial,1
racing,1
radar,1
radically,1
radio,3
rag,1
rage,1
railroad,1
rain,6
rainbow,1
rainfall,1
raining,1
rainy,2
raise,3
raised,1
raisins,1
ran,12
rang,2
range,2
ranked,1
ransom,1
rap,1
rapid,3
rapper,2
rare,2
rarely,1
rate,6
rather,12
rats,2
raw,1
rays,1
razor,2
reach,4
reached,3
reacted,1
reaction,1
read,19
reader,2
readers,4
reading,5
reads,3
ready,5
real,5
realistic,1
reality,4
realize,1
realized,5
realize”,1
really,27
rearing,1
reason,9
reasonable,1
reasons,3
rebecca,3
rebel,2
rebels,1
rebel’s,1
rebuild,1
recall,2
recalled,1
receipt,1
receive,5
received,9
receiver,1
recent,1
recently,19
reception,1
recipe,3
recited,1
recognition,1
recognized,2
recommendation,1
recommends,1
reconciled,1
reconciliation,1
reconsider,1
record,3
recorded,2
recorder,2
recording,2
recordings,1
records,2
recover,2
recovered,2
recovery,1
recreation,1
recruitment,1
rectangle,1
rectangular,1
recycle,3
recycled,1
red,14
redone,1
reduce,4
reduction,1
redundant;,1
reference,1
refers,1
reflect,1
reflection,2
reforms,1
refresh,2
refreshing,1
refreshment,1
refrigerator,2
refugees,1
refunded,1
refusal,1
refused,2
regained,1
regarded,1
regarding,7
regimes,1
regime’s,1
reginae,1
region,2
regional,1
register,1
registered,1
registration,1
regret,1
regretful,1
regretted,3
regular,4
regularly,3
regulate,1
regulations,1
rehearsal,1
rejected,3
rejection,1
rejects,1
relate,1
relations,2
relationship,8
relationship;,1
relatives,2
relax,4
relaxation,1
release,3
released,4
reliable,2
relief,3
relieve,2
religion,2
religions,2
religious,3
reluctant,2
rely,1
remain,2
remained,1
remains,3
remarkable,2
remarks,4
remedy,3
remember,8
remembered,3
reminded,2
reminds,3
remit,1
remote,2
remove,1
removed,1
renew,2
renowned,2
rent,2
renting,1
repair,2
repayment,1
repeated,1
repetition,1
replaced,1
replacement,1
replay,1
replied,3
reply,2
report,3
reported,4
reporter,1
reporters,4
represent,1
representations,1
representative,5
represented,1
represents,2
reproduce,1
reproductions,1
republic,1
reputation,3
requested,3
requesting,1
requests,1
required,1
requirements,1
rescue,1
rescued,1
research,4
researched,1
researchers,3
researches,1
researching,1
resemble,1
resembled,1
reservations,1
reserved,1
resident,1
residents,7
resignation,1
resigned,1
resist,3
resistance,1
resolutely,1
resolution,3
resolved,1
resounded,1
resource,1
respect,5
respectable,1
respected,1
respectful,1
respectfully,1
respond,1
responding,1
response,1
responses,1
responsibilities,1
responsibility,2
responsible,6
rest,9
restarted,1
restaurant,22
restaurants,10
rested,1
restore,1
restricted,1
restriction,1
restrictions,1
restroom,3
result,9
resulted,2
results,2
resume,1
resumes,1
retain,1
retire,1
retired,6
retiree,1
retirement,1
retiring,1
retreated,2
return,1
returned,2
reunion,2
reveal,1
revealed,1
revenge,2
reviewed,1
revise,1
revision,1
revolution,1
revolution:,1
revolutionary,1
rewards,1
rhymes,1
rhythms,1
ribbon,1
rice,6
rich,11
riched,1
riches,1
rid,4
riddle,1
ride,5
riding,2
rigging,1
right,13
rights,3
rights”,1
right”,2
ring,1
ringing,1
rings,1
ripe,1
rise,4
risen,1
rises,1
risk,3
ritual,1
river,9
rivers,2
riverside,1
road,8
roads,1
roared,1
roast,1
roasted,2
rob,2
robbed,1
robber,3
robbery,3
robbing,1
robe,1
robot,3
rock,6
rocked,1
rockets,1
rocky,1
rode,2
role,4
rolex,1
roll,2
rolled,1
roller,5
romance,1
romantic,3
roof,1
room,18
rooms,2
rooster,1
root,2
rope,1
rose,1
roses,1
rotted,1
rotten,1
rough,1
roughly,1
round,1
rounds,1
routes,3
routine,2
rowed,1
royal,1
rubbed,1
rubber,1
rude,4
rug,1
ruined,4
ruin”,1
rule,3
ruler,1
rules,3
rumor,3
rumors,1
run,5
runner,1
running,6
runs,1
runway,1
rupee,1
rural,1
rush,1
rushed,3
rushing,1
russian,1
rust,1
rusty,2
s,1
sack,1
sacrifice,1
sacrificial,2
sad,2
sadness,1
safe,3
safely,1
safety,3
said,76
said:,3
sail,1
sailed,1
sailor,1
sake,1
salad,6
salary,5
sale,3
sales,4
salesperson,2
salon,1
salt,2
salty,1
same,19
samples,1
sand,1
sandwich,1
sandwiches,7
sang,1
sashimi,1
sat,8
satellite,1
satisfaction,1
satisfactory,1
satisfied,5
satisfy,3
satisfying,1
saturday,1
sauce,3
saucer,1
sauna,1
sausage,1
sausages,1
save,3
saved,4
saves,1
saving,5
savings,2
saw,28
sawed,1
say,8
saying,3
says,4
says:,1
scale,2
scandal,2
scar,2
scarce,1
scarcely,1
scare,3
scarecrow,2
scared,8
scarf,4
scary,3
scatter,1
scene,2
scenery,3
scenes,1
schedule,3
scholar,1
scholars,1
scholarship,1
school,40
schools,5
school’s,3
science,4
scientific,3
scientist,3
scientists,1
scientist”,1
scissors,1
scolded,1
scoop,1
scorched,1
scores,1
scouted,1
scratch,2
scream,2
screamed,2
screaming,2
screams,1
screen,3
screw,1
screwdrivers,1
scribbled,1
scrubbing,1
sculpture,1
sculptures,1
sea,2
seafood,1
seagulls,1
seal,1
search,1
searching,1
season,7
seat,4
seclude,1
second,8
secondary,1
secondhand,2
secondly,2
secret,2
secretary,2
secretly,1
secrets,1
section,1
sections;,1
security,4
see,26
seeds,1
seeing,4
seek,1
seeking,2
seem,3
seemed,2
seems,9
seen,3
sees,2
seesaw,1
seize,3
seldom,5
selected,2
selections,1
selfabased,1
selfconfidence,1
selfish,1
sell,3
seller,1
sellers,1
selling,4
semester,3
senate,1
send,4
sends,1
senior,1
sense,5
sensible,1
sensitive,3
sent,14
sentence,1
sentences,2
sentosa,1
separated,1
separation,1
september,5
serious,6
seriously,3
servants,1
serve,3
served,2
serves,1
service,3
services,1
serving,4
set,6
settled,1
settler,1
seven,1
seventeen,2
seventyeight,1
several,29
severe,1
severely,1
sew,1
sewed,1
sewing,1
sex,4
sexual,1
sexy,2
shades,1
shadow,2
shady,1
shakespeare,1
shall,1
shallow,1
shame,4
shameful,1
shampoo,1
shape,1
shaped,1
shapes,2
share,6
shared,2
shark,1
sharp,3
shaved,2
shaver,1
she,247
shed,1
sheep,7
sheet,2
shelf,1
shell,1
shelley,1
shells,1
shelter,1
shepherd,2
she’s,3
shi,1
shift,1
shine,3
shines,1
shinoda,1
shinoda’s,2
shiny,1
ship,6
shirt,4
shirts,1
shock,1
shocked,8
shocking,1
shoes,3
shoestrings,1
shook,3
shoot,2
shop,21
shopkeeper,2
shopping,5
shops,2
shore,1
short,5
shortcuts,1
shortened,1
shortly,1
shorts,2
shortsighted,1
shorttempered,1
shot,5
shots,2
should,50
shoulder,3
shoulders,2
shouldn’t,3
shout,1
shouted,2
shouting,1
shovel,1
show,20
showed,9
shower,8
showers,2
showing,3
showroom,1
shows,4
shrimp,1
shrug,1
shrunk,1
shut,2
shuttle,2
shy,4
shylock,1
shyness,1
sick,7
side,3
sidewalk,1
sigh,1
sighed,2
sight,3
sightseeing,1
signaled,1
signature,1
signed,7
significance,1
significant,3
signs,1
silence,2
silent,2
silk,1
silly,1
silver,3
similar,1
similarities,1
simple,5
simply,2
sin,1
since,39
sincere,2
sincerely,1
sincerity,1
sing,2
singapore,1
singer,2
singers,1
singing,3
single,5
singlesex,1
singular,1
sink,1
sip,2
sipping,1
sir,2
sister,6
sisters,1
sit,6
sitcoms,1
site,1
sites,1
sitting,3
situation,10
six,3
sixteen,1
sixth,3
sixty,3
size,2
skating,2
sketch,1
skiing,4
skill,9
skillful,1
skills,5
skill”,1
skin,8
skinny,4
skipped,1
skipping,1
skirt,3
sky,13
skyscraper,1
skyscrapers,1
slack,1
slapped,1
slave,2
sledge,1
sleep,10
sleeping,5
sleepy,1
sleeves,1
sleigh,1
slender,1
slept,4
sliced,2
slid,1
slight,1
slim,2
slip,2
slipped,1
slippers,1
slippery,2
slogan,1
slope,2
slow,3
slowing,2
slowly,1
slumps,1
small,9
smaller,1
smallest,1
smart,2
smell,3
smelled,2
smelly,1
smile,8
smith,3
smog,1
smoke,6
smoked,2
smoker;,1
smokers,5
smoker’s,1
smokes,1
smoking,9
smooth,2
smuggled,1
snack,1
snacks,1
snail,2
snake,1
snapped,1
sneaked,1
sneezing,1
snow,1
snowwhite,1
snowywhite,1
so,120
soap,2
soared,1
sobbing,1
soccer,2
social,13
society,8
sockets,1
socks,1
soda,1
sodas,1
sofa,1
sofas,1
soft,1
softened,1
software,1
soil,1
soiled,1
solar,1
sold,7
soldier,5
soldiers,2
solely,1
solid,1
solider,2
solo,1
solution,2
solutions,1
solve,4
solving,2
some,87
somebody,2
somebody’s,1
someday,3
someday”,2
somehow,1
someone,6
someone’s,1
something,27
sometimes,18
somewhat,1
somewhere,2
son,15
song,5
songs,7
soon,20
sophomore,1
sore,2
sorrow,1
sorrowful,2
sorry,6
sorry”,1
sort,1
soul,2
sound,4
sounded,2
soundly,1
sounds,1
soup,10
sour,1
sources,1
south,2
southern,1
souvenir,1
soybean,1
space,6
spading,1
spaghetti,1
spare,2
spared,2
sparked,1
sparkles,1
sparrows,1
sparrow”,1
spat,1
speak,5
speaker,1
speaking,1
spear,1
special,15
specialists,1
specialized,1
specialties,1
species,2
specific,2
speech,11
speed,1
spell,1
spelling,1
spend,21
spending,4
spends,4
spent,15
spice,1
spicy,5
spider,2
spiders,1
spilt,2
spinach,1
spinning,1
spirit,3
spiritual,1
spite,4
splash,1
splendid,1
split,1
spoil,1
spoiled,1
spoils,1
spoke,2
spokesman,2
spoon,1
sport,1
sports,4
sportsman,1
sportsmanship,1
spot,1
sprained,1
sprang,1
spray,3
spread,7
spreads,1
spring,3
sprinkle,1
sprinkled,1
sprinkling,2
sprung,1
spy,6
spy’s,1
square,1
squeeze,1
squeezed,1
squeezing,1
squirrel,1
sri,1
st,1
stab,1
stable,1
stadium,3
stadium”,1
staff,1
stage,14
stain,2
stairs,2
stake,1
stale,1
stalked,1
stalker,1
stamps,1
stand,11
standard,1
standing,1
stands,1
stank,1
star,6
stared,2
stars,1
start,9
started,28
starts,4
starved,1
starving,1
state,3
stated,3
statements,2
states,1
stating,1
station,10
statue,2
status,1
stay,8
stayed,6
staying,3
stays,1
steady,1
steak,4
steal,1
stealthy,1
steamed,2
steel,1
steep,1
stele,4
stem,1
step,4
stepchild,1
stepfather,1
stepmother,1
stepped,2
steps,4
stereo,1
stick,3
sticks,1
sticky,1
stiff,1
still,47
stingy,1
stirred,2
stitch,1
stock,1
stockings,1
stole,3
stolen,1
stomach,6
stomachache,1
stone,1
stones,1
stood,5
stool,1
stop,15
stopped,9
stopping,1
storage,1
store,15
stored,1
stores,2
store’s,1
stories,4
storm,2
stormy,1
story,11
stove,1
straight,2
strange,2
strangely,1
stranger,3
strangers,2
strategies,1
strategy,2
straw,2
strawberry,1
strayed,1
stream,2
street,7
streets,11
strength,1
strengthen,1
stress,2
stretch,1
strict,3
stricter,1
striking,1
string,1
stripped,1
strives,1
striving,1
stroked,2
strong,6
strongbox,2
stronger,1
struck,1
structure,2
struggle,1
struggled,3
stubborn,2
stuck,3
student,6
students,24
student’s,2
studied,7
studies,4
studio,6
study,2
studying,5
stuff,6
stung,1
stupid,7
stupidest,1
style,12
styles,3
stylish,4
stylish;,1
subject,1
subjects,2
submarine,1
subordinates,3
subsequently,2
substance,2
substantial,1
subtracting,1
suburbs,3
subway,1
subway;,1
succeed,4
succeeding,1
success,18
successful,15
successfully,5
success”,1
such,45
suck,1
sudden,4
suddenly,16
suffer,3
suffered,1
suffering,4
sufficient,1
sugar,3
suggested,4
suggesting,1
suggestions,2
suggests,1
suicide,1
suit,2
suitable,4
sum,1
summarize,1
summary,1
summer,10
summit,2
sun,4
sunday,7
sunglasses,2
sunny,4
sunscreen,1
sunshine,3
suntan,1
sun”,1
super,3
superior,1
superman,2
supermarket,3
superstars,1
supervise,1
supervision,1
supervisor,3
supervisors,1
supper,1
supply,1
supplying,1
support,6
supported,4
supporters,1
supports,1
supposed,2
sure,11
surely,1
surface,5
surfboard,1
surfing,2
surgeon,1
surgery,6
surgical,2
surging,1
surprise,3
surprised,4
surprising,5
surrender,2
surrounded,5
surroundings,2
survey,3
survival,1
survive,2
surviving,1
survivor,1
susan,2
susan’s,1
suspected,2
suspicion;,1
suspicious,2
sustainable,1
swallow,1
swallowed,1
swam,1
swan,1
swaying,1
sweat,2
sweated,1
sweater,3
sweet,6
sweetheart,1
swept,2
swift,1
swim,2
swimming,1
swings,1
switch,1
switched,1
swollen,1
sword,1
swore,3
syllables,1
symbol,1
symbolic,1
symbolism,1
symbols,1
sympathetic,1
sympathy,3
symphony,2
symptoms,1
syrup,1
system,4
systematic,1
table,10
tablet,1
tacks,1
tagged,1
tai,3
tail,1
tailor,1
tailormade,1
tailor’s,1
taipei,3
taiwan,12
taiwan’s,1
take,49
taken,8
takes,6
taking,19
tale,1
talent,2
talented,1
tales,1
talibans,1
talk,6
talkative,2
talked,6
talking,5
talks,2
tall,2
tallest,1
tame,3
tan,1
tangerines,1
tanks,1
tap,1
tapes,1
tapped,1
tar,1
target,1
targeted,1
task,1
taste,5
tasteful,1
tastes,1
tasting,1
tasty,1
tattoo,2
taught,3
tax,1
taxi,3
tea,8
teach,9
teacher,9
teachers,6
teaches,1
teaching,4
teachings,1
team,4
teammate,2
teammates,1
teams,1
tears,4
tease,1
technical,1
technician,1
technique,1
technological,1
technology,8
ted,1
tedious,1
teenage,1
teenager,2
teenagers,4
teens,2
teeth,8
telegram,1
telegraph,1
telephone,2
telescope,1
television,1
tell,8
telling,2
tells,1
temper,2
temperature,1
temple,1
temporarily,1
temporary,2
ten,13
tend,2
tended,1
tendency,1
tender,2
tends,1
tennis,1
tens,1
tense,1
tension,1
tent,3
tequila,1
term,4
terminate,1
terminating,1
terms,1
terrible,5
terribly,1
terrific,1
terrified,1
territory,1
terror,1
terrorism,1
test,7
tested,1
tests,1
texas,1
text,2
textbooks,3
texts,1
thai,4
thailand,8
than,42
thank,1
thanked,2
thankful,1
thanks,3
that,319
that’s,9
the,2265
theater,3
theatre,1
their,127
them,116
theme,8
themes,2
themselves,7
them”,1
then,55
theory,2
there,131
therefore,32
there’s,23
these,13
they,239
thick,1
thief,8
thin,2
thing,24
things,20
things;,1
think,23
thinking,6
thinks,10
third,2
thirdly,1
thirst,2
thirsty,1
thirteen,1
thirty,5
thirtyyear,1
thirtyyearold,1
this,102
this”,1
thorough,1
those,23
though,15
thought,43
thoughtful,1
thoughts,3
thousand,6
thousands,4
thread,1
threads,1
threat,3
threatened,2
three,22
threw,6
throat,2
through,16
throughout,2
throwing,3
thumbed,1
thunder,1
thundery,1
thursday,1
thus,5
ticket,1
tickets,1
tickle,1
tide,1
tidy,2
tie,2
tied,3
ties,1
tiger,1
tight,4
tighten,1
tightly,1
till,1
timber,1
time,111
times,9
timid,1
timing,2
tiny,1
tip,2
tire,1
tired,4
tiresome,1
tissue,1
title,1
to,1333
toast,1
toasted,1
tobacco,3
today,7
today’s,1
toe,1
toeic,1
toes,1
tofu,2
together,15
toilet,2
told,35
tolerable,1
tolerance,1
tolerant,1
tolerate,2
tom,17
tomato,5
tomb,2
tomorrow,6
tone,1
tongue,2
tonight,1
tons,2
too,42
took,55
tool,2
tooth,1
top,8
topic,1
topics,2
tortoise,1
toss,1
total,2
totally,5
touch,2
touched,5
touching,1
tough,5
tour,5
tourism,1
tourists,2
toward,6
towards,4
towed,1
towel,2
towers,1
town,19
toy,3
traced,1
traces,2
tracks,1
trader,1
trader’s,1
trades,2
tradition,1
traditional,6
traffic,6
tragedy,2
tragic,1
trail,1
trailed,1
train,9
trained,2
trainers,1
training,7
trains,1
traits,1
tranced,1
tranquilizer,1
transferred,1
transformed,3
translate,2
translator,1
transmission,1
transport,3
transportation,4
transported,1
traps,2
trash,2
travel,6
traveler,1
traveling,1
travels,1
tray,1
treasure,4
treat,1
treated,4
treatment,1
tree,8
trees,6
tree”,1
trembled,1
trembling,1
tremendous,1
trend,1
trends,2
trevor,1
triangle,1
tribal,1
tribe,1
trick,1
tricks,3
tricky,1
tried,28
tries,5
trifle,1
trim,2
trip,16
trips,1
triumph,1
trivial,1
troop,1
troops,1
tropical,1
trots,1
trouble,2
troubled,1
troublesome,1
trousers,1
trousers’,1
truck,1
true,9
truly,2
trumpeting,1
trunk,1
trust,3
truth,6
truthful,1
try,9
trying,9
tshirt,1
tshirts,1
tub,2
tube,1
tuesday,1
tugged,1
tugofwar,1
tuition,1
tuktuk,2
tuktuk”,1
tulips,1
tumbled,1
tummy,1
tune,1
tunnel,1
turkey,1
turn,7
turned,13
turning,2
turns,1
turntable,1
turtle,3
tutor,2
tv,9
tvs,1
twelve,1
twenties,1
twenty,6
twentyone,1
twice,1
twigs,1
twin,1
twinkling,1
twisted,1
two,29
twothirds,1
twoyearold,1
type,2
typewriter,1
typhoon,3
typical,1
typist,1
ugly,4
umbrella,2
un,2
unable,2
unacceptable,1
unaware,1
uncle,8
uncommon,1
under,19
undergraduate,1
underpass,1
understand,10
undertake,1
underway,1
underwear,2
unemployed,1
unemployment,3
unexpectable,1
unexpected,1
unexpectedly,1
unfavorable,1
unforgettable,1
unfortunately,6
unfriendly,1
unhealthy,1
uniform,1
union,1
unique,3
unit,1
unite,1
united,2
uniting,1
unity,1
universal,1
universe,2
universities,2
university,7
unknown,3
unless,3
unlike,2
unlucky,1
unmade,1
unpleasant,1
unquestionably,1
unrealistic,1
until,12
up,73
updated,1
uploaded,1
upon,2
upper,3
upright,2
upset,2
upsetting,1
upstairs,1
urban,2
urgent,3
urges,2
us,45
usage,1
usages,1
use,16
used,34
useful,1
user,1
users,5
uses,1
usher,1
using,6
usual,4
usually,10
vacant,1
vacation,8
vain,2
valentine’s,1
valley,1
valuable,2
value,3
van,1
vandalized,1
vanished,2
varied,1
variety,1
various,14
vase,1
vast,1
vegetables,1
vegetarian,1
vehicle,2
vending,1
vendition,1
vendor,1
vendors,2
verb,1
versatility,1
verses,2
very,97
vessels,1
vest,1
vice,1
vicepresident,3
vicious,1
victim,2
victims,1
victory,1
video,3
videos,2
view,8
viewed,1
views,2
villa,3
village,6
villagers,2
vinegar,2
vinyl,8
violate,2
violation,1
violence,3
violent,5
violets,1
violin,1
vip,1
virgin,1
virgo,1
virtual,1
virtue,1
virus,1
visible,1
vision,3
visit,8
visited,3
visitors,2
visual,1
vital,2
vitality,3
vitamin,3
vivid,1
vocabularies,1
vocabulary,1
vocal,2
vocalist,1
vodka,2
vogue,1
voice,5
volcano,1
volleyball,1
volume,2
voluntary,1
volunteer,1
volunteers,2
vomit,1
vomited,1
voted,1
voters,1
votes,1
voting,1
vowels,1
voyage,1
wage,1
wages,2
wagging,1
wagon,2
waist,1
wait,4
waited,1
waiter,2
waiting,1
waitress,2
wake,5
wakened,2
wakes,1
walk,7
walked,7
walking,3
walks,1
wall,5
wallet,2
walls,1
walnut,1
wandering,1
want,18
wanted,19
wants,4
war,5
ward,1
warm,5
warming,1
warmth,1
warn,1
warned,2
warridden,1
wars,2
was,668
was;,1
wash,3
washed,2
washing,2
wasn’t,5
waste,1
was”,1
watch,11
watched,7
watching,5
water,16
waterfall,1
watermelon,1
waters,1
wave,1
waved,2
waxed,1
way,39
wayne,5
wayne’s,1
ways,3
we,174
weak,2
weakened,1
weakens,1
weakness,1
wealth,1
wealthy,4
weapon,2
weapons,1
wear,9
wearing,4
wears,3
weather,9
weave,1
web,1
webcams,1
webs,1
website,2
websites,1
wed,1
wedding,6
wednesday,2
weeds,1
week,27
weekdays,2
weekend,9
weekends,10
weekly,1
weeks,2
weep,1
weight,5
weighted,3
weights,2
welcome,3
welcomed,1
welcomes,1
welfare,3
well,21
welleducated,1
wellknown,6
went,75
were,103
weren’t,1
west,1
western,2
westerner,1
wet,5
wetted,1
whale,1
what,63
whatever,4
what’s,3
wheat,1
when,131
whenever,12
where,6
wherever,3
where’s,1
whether,9
whey,2
which,46
while,25
whipped,1
whiskey,1
whisky,1
whispers,1
whistled,1
white,5
who,103
whoever,1
whole,9
whom,3
whose,9
who’s,1
why,17
wicked,1
wide,2
widely,1
widening,1
width,1
wife,22
wife’s,1
wild,2
wildlife,1
will,94
willing,2
willows,1
wimp,1
win,4
wind,3
window,2
window”,1
windy,2
wine,9
winetasting,1
wing,1
wings,1
wink,1
winner,1
winners,1
winning,3
winter,5
wiped,2
wire,1
wisdom,2
wise,1
wish,2
wished,3
wit,1
witch”,1
with,335
withdraw,2
within,4
without,21
witness,1
witnesses’,1
witnessing,1
woke,4
wolf,3
woman,25
woman’s,2
woman”,1
women,7
women’s,2
won,5
wonder,2
wondered,2
wonderful,10
won’t,7
wooden,2
woodlands,1
woods,5
wool,2
word,5
words,9
wore,7
work,35
worked,21
worker,12
workers,9
worker’s,1
working,13
workmen,1
works,18
world,27
worldwide,2
world”,1
worms,1
worried,2
worry,4
worse,2
worship,2
worst,3
worth,9
worthwhile,1
would,74
wouldn’t,2
wound,2
wounds,1
wrapped,3
wrecks,1
wrested,1
wrinkles,1
wrist,2
write,9
writer,8
writers,5
writer”,1
writing,14
written,4
wrong,11
wrote,5
wu,2
xray,1
yams,1
yard,4
yawn,1
year,24
yearly,1
years,44
years”,1
year’s,2
yell,1
yelled,1
yelling,1
yellow,2
yesterday,6
yes”,1
yet,7
yoga,2
yogurt,1
york,3
you,157
young,15
younger,2
youngster,1
youngsters,1
your,65
yours,1
yourself,7
yourself;,1
youth,1
youthful,1
youths,2
youth’s,1
youtube,1
you’ll,6
you”,1
yuan,1
yucky,1
yummy,2
zealand,1
zebras,1
zero,1
zipper,1
zone,1
zoo,4
zoology,1
–,12
